Date,Product,Region,Sales
2024-01-03,Laptop,North,1200
2024-01-05,Phone,South,850
2024-01-07,Tablet,East,620
2024-01-09,Monitor,West,430
2024-01-11,Keyboard,North,180
2024-01-13,Laptop,South,1350
2024-01-15,Phone,East,920
2024-01-17,Tablet,West,580
2024-01-19,Monitor,North,510
2024-01-21,Keyboard,South,200
2024-01-23,Laptop,East,1100
2024-01-25,Phone,West,780
2024-01-27,Tablet,North,650
2024-01-29,Monitor,South,480
2024-01-31,Keyboard,East,160
2024-02-02,Laptop,West,1450
2024-02-04,Phone,North,970
2024-02-06,Tablet,South,700
2024-02-08,Monitor,East,520
2024-02-10,Keyboard,West,220
2024-02-12,Laptop,North,1300
2024-02-14,Phone,South,860
2024-02-16,Tablet,East,590
2024-02-18,Monitor,West,460
2024-02-20,Keyboard,North,175
2024-02-22,Laptop,South,1250
2024-02-24,Phone,East,910
2024-02-26,Tablet,West,670
2024-02-28,Monitor,North,490
2024-03-01,Keyboard,South,190
2024-03-03,Laptop,East,1520
2024-03-05,Phone,West,1010
2024-03-07,Tablet,North,730
2024-03-09,Monitor,South,545
2024-03-11,Keyboard,East,210
2024-03-13,Laptop,West,1380
2024-03-15,Phone,North,990
2024-03-17,Tablet,South,615
2024-03-19,Monitor,East,500
2024-03-21,Keyboard,West,195
2024-03-23,Laptop,North,1600
2024-03-25,Phone,South,870
2024-03-27,Tablet,East,640
2024-03-29,Monitor,West,470
2024-03-31,Keyboard,North,185
2024-04-02,Laptop,South,1420
2024-04-04,Phone,East,950
2024-04-06,Tablet,West,695
2024-04-08,Monitor,North,525
2024-04-10,Keyboard,South,205
2024-04-12,Laptop,East,1180
2024-04-14,Phone,West,840
2024-04-16,Tablet,North,660
2024-04-18,Monitor,South,485
2024-04-20,Keyboard,East,170
2024-04-22,Laptop,West,1490
2024-04-24,Phone,North,1020
2024-04-26,Tablet,South,625
2024-04-28,Monitor,East,510
2024-04-30,Keyboard,West,215
2024-05-02,Laptop,North,1550
2024-05-04,Phone,South,895
2024-05-06,Tablet,East,685
2024-05-08,Monitor,West,540
2024-05-10,Keyboard,North,198
2024-05-12,Laptop,South,1310
2024-05-14,Phone,East,935
2024-05-16,Tablet,West,710
2024-05-18,Monitor,North,498
2024-05-20,Keyboard,South,182
2024-05-22,Laptop,East,1620
2024-05-24,Phone,West,1050
2024-05-26,Tablet,North,745
2024-05-28,Monitor,South,555
2024-05-30,Keyboard,East,225
2024-06-01,Laptop,West,1480
2024-06-03,Phone,North,975
2024-06-05,Tablet,South,630
2024-06-07,Monitor,East,515
2024-06-09,Keyboard,West,192
2024-06-11,Laptop,North,1390
2024-06-13,Phone,South,880
2024-06-15,Tablet,East,660
2024-06-17,Monitor,West,478
2024-06-19,Keyboard,North,188
2024-06-21,Laptop,South,1560
2024-06-23,Phone,East,1000
2024-06-25,Tablet,West,720
2024-06-27,Monitor,North,530
2024-06-29,Keyboard,South,208
2024-07-01,Laptop,East,1640
2024-07-03,Phone,West,1080
2024-07-05,Tablet,North,760
2024-07-07,Monitor,South,565
2024-07-09,Keyboard,East,230
2024-07-11,Laptop,West,1200
2024-07-13,Phone,North,820
2024-07-15,Tablet,South,575
2024-07-17,Monitor,East,440
2024-07-19,Keyboard,West,162
2024-07-21,Laptop,North,1710
2024-07-23,Phone,South,960
2024-07-25,Tablet,East,800
2024-07-27,Monitor,West,590
2024-07-29,Keyboard,North,245
2024-07-31,Laptop,South,1360
2024-08-02,Phone,East,945
2024-08-04,Tablet,West,675
2024-08-06,Monitor,North,508
2024-08-08,Keyboard,South,196
2024-08-10,Laptop,East,1530
2024-08-12,Phone,West,1040
2024-08-14,Tablet,North,735
2024-08-16,Monitor,South,548
2024-08-18,Keyboard,East,218
2024-08-20,Laptop,West,1460
2024-08-22,Phone,North,985
2024-08-24,Tablet,South,640
2024-08-26,Monitor,East,520
2024-08-28,Keyboard,West,200
2024-08-30,Laptop,North,1680
2024-09-01,Phone,South,905
2024-09-03,Tablet,East,695
2024-09-05,Monitor,West,545
2024-09-07,Keyboard,North,202
2024-09-09,Laptop,South,1430
2024-09-11,Phone,East,960
2024-09-13,Tablet,West,715
2024-09-15,Monitor,North,535
2024-09-17,Keyboard,South,212
2024-09-19,Laptop,East,1590
2024-09-21,Phone,West,1060
2024-09-23,Tablet,North,770
2024-09-25,Monitor,South,560
2024-09-27,Keyboard,East,232
2024-09-29,Laptop,West,1510
2024-10-01,Phone,North,995
2024-10-03,Tablet,South,650
2024-10-05,Monitor,East,525
2024-10-07,Keyboard,West,216
2024-10-09,Laptop,North,1750
2024-10-11,Phone,South,920
2024-10-13,Tablet,East,810
2024-10-15,Monitor,West,600
2024-10-17,Keyboard,North,250
2024-10-19,Laptop,South,1380
2024-10-21,Phone,East,965
2024-10-23,Tablet,West,690
2024-10-25,Monitor,North,515
2024-10-27,Keyboard,South,200
2024-10-29,Laptop,East,1610
2024-10-31,Phone,West,1070
2024-11-02,Tablet,North,780
2024-11-04,Monitor,South,570
2024-11-06,Keyboard,East,235
2024-11-08,Laptop,West,1500
2024-11-10,Phone,North,1005
2024-11-12,Tablet,South,655
2024-11-14,Monitor,East,530
2024-11-16,Keyboard,West,220
2024-11-18,Laptop,North,1820
2024-11-20,Phone,South,975
2024-11-22,Tablet,East,825
2024-11-24,Monitor,West,610
2024-11-26,Keyboard,North,258
2024-11-28,Laptop,South,1450
2024-11-30,Phone,East,985
2024-12-02,Tablet,West,705
2024-12-04,Monitor,North,542
2024-12-06,Keyboard,South,225
2024-12-08,Laptop,East,1680
2024-12-10,Phone,West,1090
2024-12-12,Tablet,North,795
2024-12-14,Monitor,South,580
2024-12-16,Keyboard,East,242
2024-12-18,Laptop,West,1570
2024-12-20,Phone,North,1025
2024-12-22,Tablet,South,670
2024-12-24,Monitor,East,538
2024-12-26,Keyboard,West,228
2024-12-28,Laptop,North,1900
2024-12-30,Phone,South,990
2024-12-28,Keyboard,North,670
2025-01-01,Monitor,West,577
2025-01-01,Phone,East,871
2025-01-01,Phone,West,767
2025-01-01,Headphones,West,301
2025-01-01,Keyboard,West,168
2025-01-02,Tablet,South,872
2025-01-02,Laptop,West,984
2025-01-02,Laptop,East,870
2025-01-03,Smartwatch,South,235
2025-01-03,Smartwatch,East,349
2025-01-03,Monitor,North,466
2025-01-03,Smartwatch,South,205
2025-01-04,Tablet,North,567
2025-01-04,Monitor,West,220
2025-01-04,Monitor,East,481
2025-01-04,Laptop,South,1476
2025-01-05,Headphones,West,128
2025-01-05,Laptop,East,980
2025-01-05,Keyboard,West,156
2025-01-05,Headphones,West,335
2025-01-06,Smartwatch,East,364
2025-01-06,Headphones,South,162
2025-01-06,Tablet,East,609
2025-01-06,Tablet,North,580
2025-01-06,Phone,East,864
2025-01-07,Keyboard,South,142
2025-01-07,Keyboard,East,171
2025-01-07,Laptop,South,1192
2025-01-08,Laptop,South,1616
2025-01-08,Monitor,South,372
2025-01-08,Monitor,South,433
2025-01-09,Keyboard,East,127
2025-01-09,Tablet,East,795
2025-01-09,Monitor,South,476
2025-01-09,Tablet,North,411
2025-01-09,Keyboard,West,169
2025-01-09,Smartwatch,East,262
2025-01-10,Headphones,West,246
2025-01-10,Phone,North,645
2025-01-10,Phone,North,747
2025-01-10,Keyboard,East,92
2025-01-11,Laptop,North,1944
2025-01-11,Tablet,East,731
2025-01-12,Smartwatch,East,331
2025-01-12,Tablet,West,421
2025-01-12,Keyboard,North,105
2025-01-12,Monitor,South,383
2025-01-12,Laptop,South,1512
2025-01-13,Tablet,North,857
2025-01-13,Smartwatch,South,297
2025-01-13,Phone,North,855
2025-01-13,Phone,West,897
2025-01-13,Monitor,South,491
2025-01-13,Headphones,East,260
2025-01-14,Tablet,West,854
2025-01-14,Smartwatch,South,433
2025-01-14,Monitor,South,281
2025-01-15,Keyboard,North,178
2025-01-15,Keyboard,South,117
2025-01-15,Keyboard,West,54
2025-01-16,Laptop,South,1054
2025-01-16,Smartwatch,South,357
2025-01-16,Headphones,North,110
2025-01-16,Smartwatch,West,354
2025-01-16,Smartwatch,East,331
2025-01-16,Keyboard,North,56
2025-01-17,Headphones,South,247
2025-01-17,Monitor,North,370
2025-01-17,Phone,West,1493
2025-01-17,Tablet,East,713
2025-01-18,Headphones,North,188
2025-01-18,Monitor,East,474
2025-01-19,Headphones,South,332
2025-01-19,Laptop,West,1318
2025-01-19,Monitor,South,309
2025-01-20,Headphones,West,143
2025-01-20,Monitor,East,267
2025-01-20,Headphones,North,247
2025-01-20,Smartwatch,North,486
2025-01-20,Keyboard,South,111
2025-01-20,Laptop,North,2425
2025-01-21,Laptop,North,1727
2025-01-21,Laptop,East,1427
2025-01-22,Keyboard,North,195
2025-01-22,Headphones,North,216
2025-01-22,Laptop,West,800
2025-01-23,Smartwatch,East,309
2025-01-23,Monitor,West,329
2025-01-23,Smartwatch,West,328
2025-01-23,Tablet,West,383
2025-01-23,Monitor,East,483
2025-01-24,Smartwatch,South,381
2025-01-24,Phone,North,602
2025-01-24,Laptop,West,2391
2025-01-24,Smartwatch,East,406
2025-01-24,Keyboard,West,116
2025-01-24,Phone,South,1225
2025-01-25,Headphones,South,235
2025-01-25,Keyboard,West,194
2025-01-25,Tablet,East,741
2025-01-26,Tablet,North,478
2025-01-26,Laptop,West,2418
2025-01-26,Monitor,East,593
2025-01-26,Tablet,North,432
2025-01-26,Smartwatch,West,253
2025-01-26,Laptop,West,1035
2025-01-27,Phone,East,812
2025-01-27,Keyboard,East,165
2025-01-27,Headphones,South,103
2025-01-27,Keyboard,West,85
2025-01-28,Smartwatch,South,295
2025-01-28,Monitor,West,406
2025-01-28,Laptop,South,1509
2025-01-28,Keyboard,West,67
2025-01-28,Tablet,North,361
2025-01-29,Phone,West,1325
2025-01-29,Keyboard,South,109
2025-01-30,Laptop,East,2091
2025-01-30,Smartwatch,South,267
2025-01-30,Smartwatch,East,408
2025-01-30,Phone,West,830
2025-01-30,Phone,South,808
2025-01-31,Laptop,North,1409
2025-01-31,Keyboard,West,121
2025-01-31,Headphones,East,334
2025-01-31,Smartwatch,East,284
2025-01-31,Tablet,South,861
2025-01-31,Phone,East,1231
2025-02-01,Laptop,South,2263
2025-02-01,Headphones,South,298
2025-02-01,Monitor,West,501
2025-02-01,Smartwatch,East,467
2025-02-02,Tablet,South,653
2025-02-02,Monitor,East,378
2025-02-02,Smartwatch,North,303
2025-02-02,Monitor,North,405
2025-02-02,Laptop,South,1761
2025-02-03,Monitor,West,220
2025-02-03,Keyboard,West,127
2025-02-03,Keyboard,South,182
2025-02-03,Phone,East,1082
2025-02-03,Monitor,East,564
2025-02-03,Keyboard,North,93
2025-02-04,Keyboard,North,66
2025-02-04,Laptop,West,1375
2025-02-05,Laptop,North,873
2025-02-05,Smartwatch,East,332
2025-02-05,Smartwatch,South,431
2025-02-05,Keyboard,West,176
2025-02-06,Monitor,West,205
2025-02-06,Tablet,North,589
2025-02-07,Phone,East,1331
2025-02-07,Phone,West,777
2025-02-07,Headphones,North,268
2025-02-07,Keyboard,East,149
2025-02-08,Keyboard,West,155
2025-02-08,Phone,East,857
2025-02-08,Phone,East,1435
2025-02-08,Keyboard,West,108
2025-02-08,Smartwatch,West,225
2025-02-08,Smartwatch,East,397
2025-02-09,Phone,West,778
2025-02-09,Phone,West,794
2025-02-09,Tablet,South,803
2025-02-09,Keyboard,West,51
2025-02-09,Keyboard,East,100
2025-02-10,Phone,South,1055
2025-02-10,Laptop,West,2075
2025-02-10,Phone,West,811
2025-02-11,Phone,West,1369
2025-02-11,Laptop,North,1087
2025-02-11,Headphones,South,173
2025-02-11,Tablet,North,618
2025-02-12,Headphones,South,243
2025-02-12,Monitor,South,503
2025-02-13,Keyboard,East,197
2025-02-13,Tablet,North,343
2025-02-13,Keyboard,North,123
2025-02-13,Headphones,West,126
2025-02-14,Laptop,East,1758
2025-02-14,Phone,East,913
2025-02-14,Phone,East,969
2025-02-14,Monitor,South,241
2025-02-14,Keyboard,West,103
2025-02-15,Tablet,West,543
2025-02-15,Tablet,South,413
2025-02-16,Monitor,West,531
2025-02-16,Phone,West,1462
2025-02-16,Smartwatch,South,469
2025-02-16,Phone,South,896
2025-02-16,Phone,South,855
2025-02-17,Monitor,North,350
2025-02-17,Phone,South,1041
2025-02-17,Laptop,South,2414
2025-02-17,Monitor,North,541
2025-02-18,Monitor,North,340
2025-02-18,Laptop,South,1729
2025-02-19,Phone,South,980
2025-02-19,Phone,West,1044
2025-02-19,Keyboard,South,102
2025-02-20,Laptop,West,2248
2025-02-20,Phone,East,1359
2025-02-20,Smartwatch,East,331
2025-02-20,Tablet,East,585
2025-02-21,Monitor,West,577
2025-02-21,Headphones,North,212
2025-02-21,Keyboard,North,126
2025-02-22,Laptop,South,2472
2025-02-22,Phone,West,866
2025-02-22,Keyboard,South,193
2025-02-22,Laptop,East,1441
2025-02-23,Keyboard,South,76
2025-02-23,Phone,North,1398
2025-02-23,Keyboard,North,92
2025-02-23,Phone,North,1175
2025-02-23,Phone,North,739
2025-02-23,Laptop,North,1605
2025-02-24,Laptop,South,2206
2025-02-24,Keyboard,South,107
2025-02-24,Tablet,West,785
2025-02-25,Monitor,East,372
2025-02-25,Keyboard,South,111
2025-02-26,Headphones,South,193
2025-02-26,Tablet,West,663
2025-02-27,Tablet,South,853
2025-02-27,Smartwatch,South,309
2025-02-27,Headphones,South,281
2025-02-27,Headphones,West,167
2025-02-27,Tablet,North,486
2025-02-28,Smartwatch,East,434
2025-02-28,Tablet,North,680
2025-02-28,Keyboard,East,126
2025-02-28,Headphones,West,201
2025-03-01,Phone,North,1461
2025-03-01,Headphones,West,166
2025-03-02,Smartwatch,South,355
2025-03-02,Tablet,East,312
2025-03-02,Smartwatch,West,319
2025-03-02,Keyboard,West,189
2025-03-03,Headphones,North,180
2025-03-03,Smartwatch,West,262
2025-03-03,Tablet,West,468
2025-03-03,Keyboard,East,155
2025-03-04,Laptop,North,1050
2025-03-04,Monitor,East,376
2025-03-04,Tablet,South,454
2025-03-05,Monitor,North,333
2025-03-05,Phone,East,950
2025-03-05,Keyboard,South,75
2025-03-05,Monitor,East,309
2025-03-06,Tablet,East,710
2025-03-06,Headphones,West,300
2025-03-06,Keyboard,North,136
2025-03-06,Laptop,South,933
2025-03-07,Phone,North,1498
2025-03-07,Laptop,East,2081
2025-03-07,Monitor,South,252
2025-03-07,Headphones,West,177
2025-03-07,Keyboard,South,103
2025-03-08,Laptop,North,1054
2025-03-08,Smartwatch,North,291
2025-03-08,Headphones,West,140
2025-03-09,Smartwatch,East,264
2025-03-09,Smartwatch,West,473
2025-03-09,Headphones,North,132
2025-03-10,Keyboard,East,116
2025-03-10,Phone,West,617
2025-03-10,Headphones,West,155
2025-03-10,Tablet,East,453
2025-03-10,Smartwatch,South,341
2025-03-10,Tablet,East,844
2025-03-11,Laptop,South,1057
2025-03-11,Phone,East,618
2025-03-11,Keyboard,West,156
2025-03-11,Headphones,East,328
2025-03-11,Headphones,West,208
2025-03-12,Tablet,West,455
2025-03-12,Laptop,North,1314
2025-03-12,Laptop,West,1615
2025-03-12,Laptop,East,1935
2025-03-12,Phone,South,920
2025-03-13,Monitor,South,449
2025-03-13,Monitor,West,211
2025-03-13,Tablet,South,532
2025-03-13,Phone,North,871
2025-03-13,Headphones,West,229
2025-03-13,Keyboard,North,137
2025-03-14,Phone,South,1451
2025-03-14,Smartwatch,East,270
2025-03-14,Tablet,North,513
2025-03-14,Headphones,North,138
2025-03-14,Smartwatch,West,463
2025-03-15,Phone,East,1225
2025-03-15,Headphones,East,117
2025-03-16,Laptop,East,2232
2025-03-16,Smartwatch,East,285
2025-03-17,Monitor,East,218
2025-03-17,Laptop,North,1332
2025-03-17,Smartwatch,East,478
2025-03-17,Headphones,South,200
2025-03-17,Laptop,West,831
2025-03-18,Tablet,West,387
2025-03-18,Phone,West,1104
2025-03-18,Phone,North,1194
2025-03-18,Phone,North,1153
2025-03-19,Monitor,West,525
2025-03-19,Smartwatch,West,491
2025-03-19,Keyboard,South,187
2025-03-19,Smartwatch,South,216
2025-03-19,Phone,North,803
2025-03-19,Headphones,South,100
2025-03-20,Headphones,South,292
2025-03-20,Phone,North,1231
2025-03-20,Tablet,North,830
2025-03-20,Monitor,South,535
2025-03-21,Tablet,North,414
2025-03-21,Smartwatch,West,469
2025-03-21,Keyboard,North,86
2025-03-21,Monitor,West,352
2025-03-22,Phone,East,1198
2025-03-22,Tablet,North,703
2025-03-22,Phone,East,757
2025-03-22,Keyboard,West,84
2025-03-23,Smartwatch,North,415
2025-03-23,Headphones,West,335
2025-03-23,Keyboard,East,110
2025-03-23,Laptop,East,2068
2025-03-23,Smartwatch,North,483
2025-03-23,Laptop,South,1250
2025-03-24,Phone,North,906
2025-03-24,Keyboard,South,182
2025-03-24,Headphones,North,107
2025-03-24,Headphones,East,167
2025-03-24,Phone,West,1177
2025-03-24,Headphones,East,238
2025-03-25,Keyboard,East,156
2025-03-25,Tablet,South,577
2025-03-25,Laptop,East,878
2025-03-26,Headphones,East,215
2025-03-26,Laptop,West,1153
2025-03-26,Headphones,North,175
2025-03-27,Headphones,North,313
2025-03-27,Laptop,North,1187
2025-03-27,Smartwatch,East,284
2025-03-28,Tablet,North,419
2025-03-28,Smartwatch,North,290
2025-03-28,Keyboard,West,101
2025-03-28,Laptop,East,2161
2025-03-28,Monitor,West,503
2025-03-28,Tablet,South,544
2025-03-29,Tablet,West,505
2025-03-29,Laptop,South,1697
2025-03-29,Monitor,East,553
2025-03-29,Monitor,West,166
2025-03-29,Smartwatch,South,418
2025-03-30,Smartwatch,North,326
2025-03-30,Monitor,West,527
2025-03-31,Smartwatch,North,442
2025-03-31,Headphones,West,249
2025-03-31,Laptop,North,2142
2025-03-31,Headphones,North,271
2025-03-31,Tablet,South,553
2025-03-31,Monitor,South,453
2025-04-01,Keyboard,West,137
2025-04-01,Laptop,West,1666
2025-04-01,Laptop,West,2488
2025-04-02,Smartwatch,North,490
2025-04-02,Tablet,North,565
2025-04-02,Headphones,West,171
2025-04-02,Headphones,South,246
2025-04-03,Headphones,North,279
2025-04-03,Laptop,East,1222
2025-04-03,Headphones,West,248
2025-04-03,Keyboard,North,183
2025-04-03,Phone,South,664
2025-04-03,Monitor,South,548
2025-04-04,Headphones,North,125
2025-04-04,Tablet,East,371
2025-04-04,Smartwatch,North,495
2025-04-04,Phone,East,1408
2025-04-05,Laptop,East,1748
2025-04-05,Tablet,North,406
2025-04-05,Laptop,South,1281
2025-04-05,Monitor,East,441
2025-04-06,Smartwatch,North,348
2025-04-06,Phone,East,1444
2025-04-06,Keyboard,East,178
2025-04-06,Smartwatch,South,253
2025-04-06,Smartwatch,East,443
2025-04-06,Smartwatch,West,416
2025-04-07,Tablet,South,361
2025-04-07,Headphones,North,349
2025-04-07,Phone,North,676
2025-04-08,Tablet,West,680
2025-04-08,Laptop,West,2310
2025-04-08,Tablet,East,396
2025-04-08,Monitor,South,475
2025-04-08,Keyboard,West,141
2025-04-09,Laptop,West,1542
2025-04-09,Keyboard,South,79
2025-04-09,Monitor,North,356
2025-04-09,Headphones,North,133
2025-04-10,Smartwatch,North,203
2025-04-10,Laptop,West,1880
2025-04-11,Tablet,North,323
2025-04-11,Phone,West,714
2025-04-11,Phone,North,619
2025-04-12,Monitor,East,196
2025-04-12,Monitor,West,239
2025-04-12,Tablet,East,789
2025-04-13,Phone,North,1133
2025-04-13,Laptop,West,1871
2025-04-13,Monitor,South,309
2025-04-13,Monitor,South,580
2025-04-13,Monitor,South,406
2025-04-14,Headphones,North,189
2025-04-14,Headphones,West,348
2025-04-15,Phone,West,804
2025-04-15,Monitor,West,419
2025-04-15,Smartwatch,West,221
2025-04-15,Smartwatch,South,295
2025-04-16,Keyboard,East,60
2025-04-16,Smartwatch,South,278
2025-04-16,Tablet,North,661
2025-04-16,Smartwatch,West,340
2025-04-17,Monitor,West,209
2025-04-17,Headphones,South,271
2025-04-17,Smartwatch,North,313
2025-04-18,Smartwatch,East,270
2025-04-18,Smartwatch,West,415
2025-04-18,Headphones,North,318
2025-04-18,Laptop,South,1721
2025-04-18,Laptop,East,1323
2025-04-18,Headphones,South,330
2025-04-19,Smartwatch,South,208
2025-04-19,Smartwatch,North,310
2025-04-19,Keyboard,South,171
2025-04-19,Headphones,South,301
2025-04-20,Tablet,West,454
2025-04-20,Smartwatch,South,354
2025-04-20,Monitor,South,568
2025-04-20,Headphones,North,245
2025-04-20,Tablet,South,488
2025-04-20,Monitor,East,501
2025-04-21,Laptop,North,2049
2025-04-21,Tablet,East,722
2025-04-21,Smartwatch,East,257
2025-04-21,Headphones,East,342
2025-04-22,Monitor,East,264
2025-04-22,Headphones,East,325
2025-04-22,Smartwatch,East,364
2025-04-22,Headphones,South,116
2025-04-23,Laptop,North,1576
2025-04-23,Laptop,West,1610
2025-04-23,Phone,South,1464
2025-04-23,Monitor,West,186
2025-04-24,Smartwatch,West,493
2025-04-24,Monitor,East,414
2025-04-25,Headphones,North,243
2025-04-25,Laptop,North,1686
2025-04-25,Laptop,West,928
2025-04-25,Tablet,North,534
2025-04-25,Monitor,West,493
2025-04-25,Keyboard,West,169
2025-04-26,Tablet,East,328
2025-04-26,Laptop,North,2136
2025-04-26,Keyboard,North,70
2025-04-27,Keyboard,East,54
2025-04-27,Monitor,North,264
2025-04-27,Monitor,East,172
2025-04-27,Phone,North,815
2025-04-27,Phone,North,812
2025-04-27,Keyboard,West,64
2025-04-28,Smartwatch,West,339
2025-04-28,Tablet,West,736
2025-04-28,Headphones,North,122
2025-04-28,Laptop,West,1624
2025-04-29,Smartwatch,East,429
2025-04-29,Laptop,East,1523
2025-04-29,Smartwatch,West,331
2025-04-30,Tablet,North,635
2025-04-30,Headphones,South,140
2025-04-30,Tablet,North,850
2025-04-30,Keyboard,East,56
2025-05-01,Phone,East,795
2025-05-01,Keyboard,West,78
2025-05-01,Headphones,North,308
2025-05-02,Laptop,North,886
2025-05-02,Headphones,East,185
2025-05-02,Keyboard,North,149
2025-05-02,Headphones,North,245
2025-05-03,Monitor,South,195
2025-05-03,Laptop,North,1963
2025-05-03,Phone,East,626
2025-05-03,Phone,West,927
2025-05-03,Keyboard,South,133
2025-05-03,Monitor,West,264
2025-05-04,Monitor,South,289
2025-05-04,Tablet,North,488
2025-05-04,Phone,West,1244
2025-05-05,Laptop,South,1776
2025-05-05,Laptop,East,2114
2025-05-05,Laptop,North,1174
2025-05-05,Monitor,East,495
2025-05-05,Headphones,North,276
2025-05-06,Keyboard,West,96
2025-05-06,Smartwatch,South,236
2025-05-06,Headphones,South,263
2025-05-06,Monitor,West,572
2025-05-07,Laptop,North,1531
2025-05-07,Headphones,East,262
2025-05-07,Tablet,East,467
2025-05-07,Keyboard,North,126
2025-05-08,Tablet,West,347
2025-05-08,Headphones,West,335
2025-05-08,Headphones,North,167
2025-05-09,Phone,South,981
2025-05-09,Keyboard,South,93
2025-05-09,Tablet,East,806
2025-05-10,Tablet,West,367
2025-05-10,Smartwatch,South,466
2025-05-10,Laptop,West,1123
2025-05-10,Smartwatch,East,217
2025-05-10,Headphones,West,259
2025-05-10,Phone,West,1116
2025-05-11,Keyboard,South,160
2025-05-11,Phone,South,895
2025-05-12,Keyboard,West,83
2025-05-12,Tablet,North,579
2025-05-12,Laptop,West,2211
2025-05-12,Tablet,South,396
2025-05-13,Laptop,South,1620
2025-05-13,Smartwatch,East,499
2025-05-13,Laptop,South,2364
2025-05-13,Laptop,South,1650
2025-05-14,Headphones,East,187
2025-05-14,Laptop,West,2042
2025-05-14,Keyboard,South,122
2025-05-14,Keyboard,East,162
2025-05-15,Headphones,East,155
2025-05-15,Headphones,West,265
2025-05-15,Smartwatch,East,396
2025-05-16,Headphones,West,120
2025-05-16,Smartwatch,East,378
2025-05-16,Tablet,West,724
2025-05-16,Monitor,West,373
2025-05-17,Tablet,West,717
2025-05-17,Phone,South,1183
2025-05-17,Laptop,East,2113
2025-05-17,Keyboard,West,164
2025-05-17,Headphones,South,125
2025-05-17,Phone,East,974
2025-05-18,Keyboard,South,113
2025-05-18,Monitor,West,429
2025-05-18,Laptop,East,1700
2025-05-18,Monitor,West,216
2025-05-18,Laptop,East,2035
2025-05-19,Monitor,North,267
2025-05-19,Monitor,East,344
2025-05-19,Headphones,East,275
2025-05-19,Laptop,West,1372
2025-05-20,Tablet,South,708
2025-05-20,Phone,South,1010
2025-05-20,Keyboard,East,153
2025-05-20,Laptop,South,822
2025-05-20,Smartwatch,North,264
2025-05-21,Headphones,East,226
2025-05-21,Laptop,West,1947
2025-05-21,Headphones,South,120
2025-05-21,Laptop,South,812
2025-05-21,Keyboard,West,115
2025-05-22,Keyboard,South,132
2025-05-22,Phone,South,1190
2025-05-23,Phone,East,1099
2025-05-23,Monitor,East,395
2025-05-23,Keyboard,East,135
2025-05-23,Headphones,West,244
2025-05-23,Keyboard,South,150
2025-05-23,Monitor,East,316
2025-05-24,Smartwatch,West,399
2025-05-24,Smartwatch,South,230
2025-05-24,Laptop,North,1221
2025-05-25,Laptop,South,1725
2025-05-25,Tablet,South,651
2025-05-25,Laptop,East,2439
2025-05-26,Laptop,South,1774
2025-05-26,Phone,North,739
2025-05-26,Phone,North,1242
2025-05-27,Tablet,North,760
2025-05-27,Phone,East,1253
2025-05-27,Tablet,East,879
2025-05-28,Monitor,South,330
2025-05-28,Laptop,South,1612
2025-05-28,Headphones,South,102
2025-05-28,Phone,East,769
2025-05-29,Phone,East,705
2025-05-29,Headphones,North,345
2025-05-29,Tablet,East,469
2025-05-29,Phone,North,900
2025-05-29,Monitor,South,336
2025-05-30,Headphones,South,138
2025-05-30,Headphones,North,128
2025-05-31,Phone,South,1461
2025-05-31,Keyboard,East,59
2025-05-31,Smartwatch,West,443
2025-05-31,Headphones,East,334
2025-05-31,Monitor,South,344
2025-05-31,Headphones,North,262
2025-06-01,Headphones,South,237
2025-06-01,Smartwatch,North,398
2025-06-02,Tablet,South,867
2025-06-02,Headphones,South,158
2025-06-02,Keyboard,South,108
2025-06-02,Keyboard,East,122
2025-06-02,Keyboard,East,156
2025-06-02,Monitor,West,325
2025-06-03,Laptop,North,2009
2025-06-03,Monitor,South,374
2025-06-03,Headphones,East,227
2025-06-03,Tablet,North,475
2025-06-03,Phone,South,1003
2025-06-04,Headphones,East,160
2025-06-04,Tablet,East,365
2025-06-04,Tablet,North,740
2025-06-05,Laptop,West,2482
2025-06-05,Keyboard,South,119
2025-06-05,Tablet,North,891
2025-06-05,Keyboard,South,102
2025-06-05,Smartwatch,West,323
2025-06-06,Laptop,East,1250
2025-06-06,Tablet,North,707
2025-06-07,Smartwatch,South,453
2025-06-07,Tablet,South,394
2025-06-07,Tablet,West,713
2025-06-07,Monitor,East,236
2025-06-07,Phone,North,714
2025-06-07,Keyboard,North,198
2025-06-08,Laptop,West,1238
2025-06-08,Tablet,North,592
2025-06-08,Headphones,North,256
2025-06-08,Keyboard,East,132
2025-06-08,Monitor,North,474
2025-06-09,Tablet,South,753
2025-06-09,Smartwatch,North,286
2025-06-09,Keyboard,North,144
2025-06-09,Headphones,North,216
2025-06-10,Phone,East,1255
2025-06-10,Headphones,East,145
2025-06-10,Laptop,East,1253
2025-06-10,Monitor,North,491
2025-06-11,Tablet,West,777
2025-06-11,Smartwatch,West,244
2025-06-11,Laptop,North,2148
2025-06-11,Tablet,West,890
2025-06-11,Monitor,West,225
2025-06-12,Keyboard,South,134
2025-06-12,Monitor,South,570
2025-06-12,Phone,North,742
2025-06-12,Phone,South,667
2025-06-13,Phone,North,1398
2025-06-13,Smartwatch,East,247
2025-06-13,Headphones,East,115
2025-06-14,Keyboard,South,133
2025-06-14,Monitor,North,584
2025-06-14,Smartwatch,East,232
2025-06-15,Monitor,West,406
2025-06-15,Headphones,West,276
2025-06-15,Smartwatch,South,364
2025-06-15,Smartwatch,West,238
2025-06-16,Tablet,West,841
2025-06-16,Phone,East,838
2025-06-16,Tablet,North,483
2025-06-17,Smartwatch,East,403
2025-06-17,Phone,East,821
2025-06-17,Keyboard,South,91
2025-06-17,Keyboard,South,149
2025-06-17,Headphones,North,110
2025-06-17,Headphones,West,231
2025-06-18,Tablet,East,450
2025-06-18,Laptop,West,1269
2025-06-18,Keyboard,East,57
2025-06-18,Smartwatch,West,246
2025-06-18,Monitor,North,299
2025-06-18,Phone,North,1305
2025-06-19,Monitor,South,177
2025-06-19,Smartwatch,South,361
2025-06-19,Monitor,North,541
2025-06-19,Phone,West,1157
2025-06-19,Headphones,South,146
2025-06-20,Smartwatch,West,318
2025-06-20,Phone,North,800
2025-06-20,Headphones,South,280
2025-06-20,Tablet,West,709
2025-06-20,Keyboard,East,112
2025-06-20,Phone,South,885
2025-06-21,Phone,West,781
2025-06-21,Keyboard,South,65
2025-06-22,Laptop,East,1543
2025-06-22,Headphones,West,321
2025-06-23,Phone,West,728
2025-06-23,Smartwatch,South,419
2025-06-23,Headphones,West,227
2025-06-23,Monitor,East,248
2025-06-24,Smartwatch,North,466
2025-06-24,Laptop,South,1407
2025-06-24,Phone,East,1393
2025-06-24,Laptop,South,1851
2025-06-25,Tablet,East,829
2025-06-25,Headphones,East,258
2025-06-25,Keyboard,North,147
2025-06-26,Keyboard,East,81
2025-06-26,Smartwatch,West,413
2025-06-26,Phone,East,689
2025-06-26,Monitor,East,532
2025-06-27,Tablet,East,336
2025-06-27,Monitor,North,293
2025-06-28,Keyboard,South,187
2025-06-28,Tablet,North,328
2025-06-28,Smartwatch,West,322
2025-06-28,Smartwatch,East,492
2025-06-28,Headphones,West,296
2025-06-28,Laptop,South,1340
2025-06-29,Smartwatch,West,477
2025-06-29,Smartwatch,South,401
2025-06-30,Monitor,South,523
2025-06-30,Phone,North,1306
2025-06-30,Tablet,South,670
2025-07-01,Laptop,East,1035
2025-07-01,Smartwatch,East,367
2025-07-01,Tablet,South,350
2025-07-01,Phone,West,964
2025-07-02,Smartwatch,South,286
2025-07-02,Monitor,North,488
2025-07-02,Laptop,South,1594
2025-07-02,Smartwatch,South,259
2025-07-02,Smartwatch,South,432
2025-07-02,Monitor,West,478
2025-07-03,Smartwatch,South,492
2025-07-03,Smartwatch,North,451
2025-07-04,Smartwatch,West,468
2025-07-04,Tablet,West,461
2025-07-05,Tablet,North,643
2025-07-05,Laptop,West,2073
2025-07-05,Phone,North,798
2025-07-05,Tablet,East,688
2025-07-05,Smartwatch,South,325
2025-07-05,Laptop,South,1751
2025-07-06,Headphones,South,194
2025-07-06,Laptop,West,1075
2025-07-06,Smartwatch,North,377
2025-07-06,Smartwatch,South,249
2025-07-07,Smartwatch,West,355
2025-07-07,Tablet,South,599
2025-07-07,Headphones,West,325
2025-07-07,Phone,West,723
2025-07-08,Headphones,West,211
2025-07-08,Headphones,West,112
2025-07-08,Monitor,South,171
2025-07-08,Monitor,North,419
2025-07-09,Laptop,South,2464
2025-07-09,Tablet,West,610
2025-07-10,Smartwatch,East,379
2025-07-10,Phone,North,916
2025-07-10,Keyboard,West,70
2025-07-11,Phone,East,1459
2025-07-11,Monitor,South,222
2025-07-11,Smartwatch,South,229
2025-07-12,Smartwatch,North,416
2025-07-12,Keyboard,West,137
2025-07-12,Smartwatch,North,266
2025-07-12,Tablet,West,836
2025-07-12,Keyboard,West,93
2025-07-12,Phone,East,914
2025-07-13,Phone,South,722
2025-07-13,Keyboard,West,112
2025-07-13,Phone,East,1356
2025-07-13,Tablet,North,746
2025-07-13,Keyboard,South,120
2025-07-14,Phone,North,1468
2025-07-14,Laptop,North,1948
2025-07-14,Headphones,North,183
2025-07-14,Smartwatch,South,290
2025-07-14,Tablet,East,531
2025-07-15,Tablet,East,646
2025-07-15,Headphones,West,319
2025-07-15,Smartwatch,South,490
2025-07-15,Phone,North,1413
2025-07-15,Keyboard,South,118
2025-07-15,Laptop,South,2062
2025-07-16,Monitor,North,376
2025-07-16,Smartwatch,West,392
2025-07-16,Laptop,South,1351
2025-07-16,Laptop,East,1217
2025-07-16,Keyboard,South,159
2025-07-17,Keyboard,East,90
2025-07-17,Smartwatch,South,228
2025-07-17,Monitor,West,311
2025-07-18,Tablet,North,302
2025-07-18,Tablet,South,308
2025-07-18,Smartwatch,North,278
2025-07-18,Laptop,North,1392
2025-07-19,Laptop,West,868
2025-07-19,Keyboard,South,88
2025-07-19,Phone,East,1443
2025-07-19,Monitor,West,370
2025-07-20,Laptop,West,1758
2025-07-20,Headphones,West,108
2025-07-20,Keyboard,North,83
2025-07-21,Tablet,East,641
2025-07-21,Monitor,West,190
2025-07-21,Headphones,South,337
2025-07-21,Laptop,West,1737
2025-07-22,Smartwatch,East,329
2025-07-22,Monitor,South,413
2025-07-22,Phone,North,780
2025-07-22,Tablet,North,434
2025-07-22,Keyboard,South,170
2025-07-22,Keyboard,South,94
2025-07-23,Smartwatch,West,303
2025-07-23,Headphones,South,256
2025-07-23,Phone,West,1435
2025-07-23,Headphones,North,339
2025-07-24,Headphones,West,134
2025-07-24,Laptop,North,1921
2025-07-24,Keyboard,South,107
2025-07-24,Keyboard,East,151
2025-07-25,Keyboard,South,129
2025-07-25,Monitor,West,444
2025-07-26,Smartwatch,West,264
2025-07-26,Smartwatch,West,211
2025-07-26,Laptop,North,1861
2025-07-27,Headphones,West,289
2025-07-27,Headphones,East,151
2025-07-27,Phone,East,947
2025-07-28,Tablet,East,361
2025-07-28,Keyboard,North,78
2025-07-28,Smartwatch,South,210
2025-07-28,Monitor,East,290
2025-07-28,Tablet,South,598
2025-07-29,Keyboard,East,60
2025-07-29,Tablet,South,559
2025-07-29,Phone,North,946
2025-07-29,Headphones,North,291
2025-07-29,Keyboard,South,180
2025-07-30,Laptop,West,1311
2025-07-30,Phone,East,710
2025-07-31,Monitor,East,367
2025-07-31,Tablet,West,837
2025-07-31,Laptop,North,982
2025-08-01,Tablet,North,639
2025-08-01,Phone,West,797
2025-08-02,Headphones,North,348
2025-08-02,Tablet,South,755
2025-08-02,Monitor,West,462
2025-08-02,Keyboard,North,181
2025-08-03,Tablet,West,866
2025-08-03,Tablet,South,482
2025-08-03,Keyboard,East,112
2025-08-04,Monitor,East,472
2025-08-04,Smartwatch,West,387
2025-08-04,Laptop,West,1453
2025-08-05,Headphones,East,288
2025-08-05,Laptop,East,2185
2025-08-05,Headphones,North,149
2025-08-05,Laptop,North,1096
2025-08-06,Phone,North,750
2025-08-06,Keyboard,North,56
2025-08-07,Headphones,East,102
2025-08-07,Tablet,West,764
2025-08-07,Phone,North,1002
2025-08-08,Keyboard,North,89
2025-08-08,Headphones,North,156
2025-08-08,Keyboard,South,66
2025-08-08,Headphones,North,249
2025-08-09,Monitor,East,404
2025-08-09,Phone,North,1026
2025-08-09,Smartwatch,North,396
2025-08-09,Keyboard,East,180
2025-08-09,Keyboard,North,182
2025-08-10,Keyboard,East,189
2025-08-10,Smartwatch,West,385
2025-08-11,Headphones,West,149
2025-08-11,Monitor,South,405
2025-08-11,Monitor,West,376
2025-08-11,Tablet,South,350
2025-08-11,Monitor,North,392
2025-08-12,Keyboard,East,65
2025-08-12,Phone,North,1227
2025-08-12,Keyboard,South,77
2025-08-12,Monitor,South,455
2025-08-12,Headphones,East,101
2025-08-12,Phone,East,944
2025-08-13,Smartwatch,East,412
2025-08-13,Keyboard,South,121
2025-08-13,Laptop,East,902
2025-08-13,Monitor,East,250
2025-08-13,Laptop,South,960
2025-08-13,Tablet,East,383
2025-08-14,Monitor,East,220
2025-08-14,Phone,South,1382
2025-08-14,Headphones,West,340
2025-08-14,Laptop,West,1069
2025-08-15,Laptop,West,2434
2025-08-15,Headphones,South,264
2025-08-16,Headphones,West,136
2025-08-16,Tablet,East,326
2025-08-16,Laptop,West,1154
2025-08-17,Tablet,South,432
2025-08-17,Headphones,West,113
2025-08-17,Tablet,South,717
2025-08-17,Keyboard,South,91
2025-08-18,Tablet,South,484
2025-08-18,Laptop,West,1733
2025-08-18,Tablet,West,322
2025-08-19,Headphones,West,316
2025-08-19,Keyboard,East,75
2025-08-19,Smartwatch,North,301
2025-08-19,Tablet,North,731
2025-08-19,Laptop,West,1876
2025-08-20,Laptop,West,1718
2025-08-20,Laptop,North,1018
2025-08-20,Smartwatch,North,415
2025-08-20,Monitor,South,161
2025-08-20,Tablet,South,634
2025-08-20,Headphones,South,145
2025-08-21,Keyboard,East,154
2025-08-21,Monitor,East,214
2025-08-21,Phone,West,1313
2025-08-21,Laptop,South,1412
2025-08-21,Tablet,North,363
2025-08-22,Phone,West,664
2025-08-22,Keyboard,North,165
2025-08-22,Laptop,East,1368
2025-08-22,Keyboard,East,76
2025-08-23,Keyboard,South,110
2025-08-23,Laptop,South,2068
2025-08-24,Laptop,East,1564
2025-08-24,Keyboard,North,142
2025-08-25,Tablet,West,758
2025-08-25,Smartwatch,East,488
2025-08-25,Headphones,West,298
2025-08-25,Phone,South,1384
2025-08-25,Keyboard,South,114
2025-08-25,Smartwatch,North,489
2025-08-26,Smartwatch,East,333
2025-08-26,Laptop,North,1258
2025-08-27,Tablet,East,462
2025-08-27,Headphones,South,209
2025-08-27,Keyboard,East,61
2025-08-27,Phone,East,898
2025-08-27,Keyboard,West,163
2025-08-27,Tablet,South,589
2025-08-28,Laptop,North,2436
2025-08-28,Phone,East,849
2025-08-28,Keyboard,East,60
2025-08-29,Monitor,South,454
2025-08-29,Monitor,East,348
2025-08-30,Smartwatch,South,309
2025-08-30,Headphones,North,294
2025-08-31,Laptop,North,2226
2025-08-31,Smartwatch,West,257
2025-08-31,Keyboard,North,81
2025-08-31,Laptop,South,1418
2025-08-31,Headphones,North,145
2025-08-31,Laptop,South,1819
2025-09-01,Laptop,West,1577
2025-09-01,Laptop,West,1857
2025-09-01,Phone,West,1357
2025-09-02,Smartwatch,North,317
2025-09-02,Keyboard,East,53
2025-09-02,Phone,East,1397
2025-09-03,Phone,West,937
2025-09-03,Keyboard,South,67
2025-09-03,Keyboard,South,111
2025-09-03,Keyboard,East,105
2025-09-03,Keyboard,East,105
2025-09-04,Keyboard,South,54
2025-09-04,Keyboard,South,146
2025-09-05,Tablet,North,745
2025-09-05,Phone,South,1337
2025-09-05,Smartwatch,West,200
2025-09-05,Keyboard,South,185
2025-09-05,Headphones,East,114
2025-09-06,Smartwatch,North,380
2025-09-06,Phone,West,764
2025-09-07,Laptop,South,2473
2025-09-07,Headphones,East,149
2025-09-07,Monitor,West,417
2025-09-08,Smartwatch,West,227
2025-09-08,Keyboard,South,83
2025-09-08,Keyboard,North,124
2025-09-09,Smartwatch,West,239
2025-09-09,Tablet,North,882
2025-09-09,Keyboard,West,134
2025-09-10,Monitor,East,595
2025-09-10,Tablet,South,741
2025-09-10,Laptop,West,1304
2025-09-10,Monitor,East,166
2025-09-10,Keyboard,West,136
2025-09-10,Smartwatch,West,361
2025-09-11,Headphones,West,305
2025-09-11,Laptop,North,984
2025-09-11,Laptop,West,2088
2025-09-11,Smartwatch,East,489
2025-09-12,Headphones,South,328
2025-09-12,Headphones,East,238
2025-09-12,Laptop,North,976
2025-09-12,Keyboard,West,102
2025-09-12,Headphones,East,187
2025-09-13,Headphones,East,144
2025-09-13,Tablet,West,746
2025-09-14,Smartwatch,North,399
2025-09-14,Keyboard,North,86
2025-09-14,Smartwatch,West,285
2025-09-14,Keyboard,East,63
2025-09-15,Smartwatch,South,455
2025-09-15,Headphones,East,309
2025-09-15,Tablet,South,394
2025-09-15,Keyboard,West,103
2025-09-15,Tablet,East,503
2025-09-15,Laptop,North,1970
2025-09-16,Smartwatch,West,290
2025-09-16,Headphones,South,229
2025-09-17,Keyboard,East,95
2025-09-17,Headphones,North,195
2025-09-17,Tablet,North,700
2025-09-17,Laptop,West,1299
2025-09-17,Laptop,West,823
2025-09-17,Monitor,South,261
2025-09-18,Smartwatch,West,365
2025-09-18,Laptop,South,1102
2025-09-18,Tablet,West,599
2025-09-18,Monitor,East,283
2025-09-19,Keyboard,East,50
2025-09-19,Monitor,East,223
2025-09-19,Tablet,West,491
2025-09-20,Phone,North,1102
2025-09-20,Headphones,South,124
2025-09-21,Phone,South,748
2025-09-21,Phone,South,811
2025-09-21,Smartwatch,East,322
2025-09-21,Laptop,South,2341
2025-09-21,Headphones,South,170
2025-09-21,Keyboard,South,195
2025-09-22,Monitor,North,299
2025-09-22,Monitor,North,224
2025-09-23,Smartwatch,West,227
2025-09-23,Keyboard,North,126
2025-09-24,Headphones,West,239
2025-09-24,Keyboard,East,162
2025-09-24,Smartwatch,North,474
2025-09-24,Keyboard,North,160
2025-09-24,Tablet,North,326
2025-09-25,Headphones,West,271
2025-09-25,Smartwatch,South,250
2025-09-25,Headphones,North,182
2025-09-25,Smartwatch,North,500
2025-09-25,Keyboard,North,189
2025-09-25,Phone,South,1266
2025-09-26,Tablet,North,845
2025-09-26,Keyboard,South,116
2025-09-27,Tablet,West,847
2025-09-27,Tablet,South,682
2025-09-27,Monitor,South,463
2025-09-27,Laptop,North,1309
2025-09-28,Smartwatch,South,411
2025-09-28,Laptop,South,813
2025-09-28,Smartwatch,West,436
2025-09-28,Smartwatch,North,442
2025-09-29,Laptop,South,2035
2025-09-29,Laptop,South,1752
2025-09-29,Laptop,West,2078
2025-09-30,Smartwatch,North,398
2025-09-30,Keyboard,South,172
2025-09-30,Headphones,North,291
2025-09-30,Tablet,South,817
2025-10-01,Tablet,South,308
2025-10-01,Headphones,South,196
2025-10-01,Keyboard,East,56
2025-10-01,Keyboard,East,54
2025-10-01,Monitor,North,316
2025-10-02,Smartwatch,North,241
2025-10-02,Keyboard,North,77
2025-10-03,Headphones,North,254
2025-10-03,Phone,West,1120
2025-10-03,Monitor,East,435
2025-10-03,Headphones,South,350
2025-10-03,Smartwatch,South,268
2025-10-04,Keyboard,South,82
2025-10-04,Keyboard,East,135
2025-10-04,Keyboard,West,199
2025-10-04,Monitor,East,253
2025-10-04,Headphones,North,233
2025-10-05,Laptop,East,1663
2025-10-05,Tablet,West,424
2025-10-06,Smartwatch,West,447
2025-10-06,Laptop,West,1237
2025-10-06,Tablet,West,326
2025-10-06,Monitor,West,262
2025-10-06,Phone,East,991
2025-10-06,Monitor,East,372
2025-10-07,Phone,East,1166
2025-10-07,Laptop,North,2377
2025-10-07,Headphones,South,131
2025-10-07,Smartwatch,North,388
2025-10-07,Tablet,East,811
2025-10-08,Tablet,North,432
2025-10-08,Monitor,West,467
2025-10-09,Keyboard,North,156
2025-10-09,Monitor,North,460
2025-10-09,Monitor,North,394
2025-10-09,Keyboard,West,100
2025-10-09,Monitor,East,241
2025-10-10,Headphones,West,218
2025-10-10,Monitor,North,384
2025-10-11,Tablet,East,804
2025-10-11,Tablet,East,738
2025-10-11,Monitor,West,589
2025-10-11,Phone,East,856
2025-10-12,Phone,South,1312
2025-10-12,Tablet,North,463
2025-10-12,Headphones,East,298
2025-10-12,Tablet,South,577
2025-10-12,Phone,South,837
2025-10-12,Monitor,South,332
2025-10-13,Keyboard,East,73
2025-10-13,Keyboard,West,156
2025-10-13,Phone,South,1307
2025-10-14,Laptop,East,1778
2025-10-14,Keyboard,West,114
2025-10-14,Keyboard,East,195
2025-10-14,Tablet,East,800
2025-10-14,Headphones,East,326
2025-10-14,Smartwatch,East,239
2025-10-15,Monitor,East,418
2025-10-15,Smartwatch,South,456
2025-10-15,Tablet,West,575
2025-10-15,Smartwatch,East,345
2025-10-16,Keyboard,South,71
2025-10-16,Laptop,West,1340
2025-10-16,Phone,West,759
2025-10-17,Smartwatch,East,400
2025-10-17,Phone,North,1240
2025-10-17,Smartwatch,North,477
2025-10-18,Tablet,West,573
2025-10-18,Headphones,West,219
2025-10-18,Phone,South,1188
2025-10-18,Monitor,North,290
2025-10-18,Headphones,North,316
2025-10-18,Headphones,North,331
2025-10-19,Tablet,East,608
2025-10-19,Tablet,East,652
2025-10-20,Monitor,North,389
2025-10-20,Keyboard,South,127
2025-10-21,Monitor,West,436
2025-10-21,Laptop,East,1403
2025-10-21,Keyboard,East,162
2025-10-22,Phone,East,629
2025-10-22,Monitor,West,513
2025-10-22,Phone,North,1184
2025-10-23,Tablet,North,625
2025-10-23,Keyboard,West,73
2025-10-23,Laptop,South,1956
2025-10-24,Laptop,North,1667
2025-10-24,Tablet,West,880
2025-10-24,Headphones,East,127
2025-10-24,Smartwatch,West,364
2025-10-25,Headphones,South,307
2025-10-25,Monitor,East,495
2025-10-25,Keyboard,West,185
2025-10-25,Headphones,North,306
2025-10-25,Tablet,North,347
2025-10-26,Monitor,South,213
2025-10-26,Phone,East,1073
2025-10-26,Laptop,North,1705
2025-10-26,Tablet,North,330
2025-10-26,Headphones,East,342
2025-10-26,Laptop,East,985
2025-10-27,Tablet,South,464
2025-10-27,Laptop,East,1533
2025-10-27,Headphones,East,189
2025-10-27,Monitor,South,498
2025-10-28,Tablet,South,574
2025-10-28,Monitor,North,235
2025-10-29,Smartwatch,East,219
2025-10-29,Smartwatch,West,292
2025-10-29,Headphones,West,315
2025-10-29,Tablet,South,614
2025-10-29,Phone,East,745
2025-10-29,Phone,South,729
2025-10-30,Tablet,North,328
2025-10-30,Headphones,South,199
2025-10-30,Monitor,North,504
2025-10-31,Headphones,South,345
2025-10-31,Monitor,South,508
2025-10-31,Headphones,East,316
2025-10-31,Smartwatch,West,296
2025-11-01,Monitor,North,222
2025-11-01,Headphones,West,209
2025-11-01,Keyboard,South,59
2025-11-01,Tablet,South,509
2025-11-01,Laptop,South,1887
2025-11-01,Phone,West,1495
2025-11-02,Tablet,North,458
2025-11-02,Monitor,North,327
2025-11-02,Smartwatch,East,485
2025-11-02,Monitor,East,354
2025-11-02,Monitor,East,581
2025-11-03,Tablet,East,353
2025-11-03,Smartwatch,South,261
2025-11-03,Phone,South,1250
2025-11-03,Laptop,East,2082
2025-11-03,Keyboard,South,154
2025-11-03,Phone,North,1391
2025-11-04,Headphones,West,165
2025-11-04,Tablet,South,847
2025-11-05,Headphones,West,176
2025-11-05,Laptop,South,1294
2025-11-05,Tablet,West,729
2025-11-05,Monitor,East,241
2025-11-05,Tablet,West,589
2025-11-05,Phone,East,864
2025-11-06,Tablet,South,467
2025-11-06,Headphones,West,195
2025-11-06,Phone,East,1335
2025-11-06,Headphones,East,166
2025-11-06,Headphones,East,166
2025-11-07,Phone,North,888
2025-11-07,Tablet,West,784
2025-11-08,Tablet,West,348
2025-11-08,Keyboard,South,125
2025-11-09,Laptop,West,1890
2025-11-09,Smartwatch,East,439
2025-11-10,Laptop,South,2166
2025-11-10,Smartwatch,East,275
2025-11-10,Phone,South,778
2025-11-11,Keyboard,East,120
2025-11-11,Headphones,North,188
2025-11-11,Phone,North,1137
2025-11-11,Keyboard,West,106
2025-11-11,Phone,South,732
2025-11-11,Headphones,East,194
2025-11-12,Laptop,North,1516
2025-11-12,Keyboard,North,192
2025-11-12,Smartwatch,North,416
2025-11-12,Laptop,East,1302
2025-11-12,Tablet,East,768
2025-11-12,Phone,West,662
2025-11-13,Keyboard,East,91
2025-11-13,Monitor,West,508
2025-11-13,Smartwatch,South,203
2025-11-13,Smartwatch,East,441
2025-11-13,Smartwatch,West,496
2025-11-13,Monitor,North,474
2025-11-14,Monitor,East,306
2025-11-14,Monitor,North,346
2025-11-14,Phone,North,941
2025-11-14,Monitor,North,328
2025-11-15,Smartwatch,East,439
2025-11-15,Tablet,South,651
2025-11-16,Headphones,West,260
2025-11-16,Headphones,East,193
2025-11-17,Tablet,East,752
2025-11-17,Headphones,North,188
2025-11-18,Monitor,South,453
2025-11-18,Headphones,East,188
2025-11-18,Tablet,East,737
2025-11-18,Monitor,North,488
2025-11-18,Monitor,East,329
2025-11-19,Laptop,East,2362
2025-11-19,Laptop,West,2141
2025-11-19,Phone,West,1137
2025-11-20,Monitor,East,562
2025-11-20,Smartwatch,West,498
2025-11-20,Smartwatch,North,374
2025-11-20,Keyboard,South,97
2025-11-21,Monitor,South,475
2025-11-21,Keyboard,North,166
2025-11-21,Laptop,West,1942
2025-11-21,Headphones,East,311
2025-11-21,Headphones,West,252
2025-11-22,Tablet,South,339
2025-11-22,Smartwatch,West,488
2025-11-22,Keyboard,South,186
2025-11-22,Headphones,North,322
2025-11-22,Tablet,North,796
2025-11-23,Smartwatch,North,295
2025-11-23,Monitor,East,362
2025-11-23,Phone,West,823
2025-11-23,Headphones,North,328
2025-11-24,Laptop,South,1865
2025-11-24,Smartwatch,North,250
2025-11-24,Smartwatch,South,359
2025-11-24,Phone,West,849
2025-11-24,Headphones,West,141
2025-11-24,Phone,South,1037
2025-11-25,Smartwatch,South,316
2025-11-25,Monitor,East,473
2025-11-25,Tablet,East,500
2025-11-25,Smartwatch,North,358
2025-11-26,Laptop,South,1735
2025-11-26,Phone,West,986
2025-11-26,Monitor,North,156
2025-11-26,Laptop,North,1071
2025-11-26,Laptop,West,1734
2025-11-26,Smartwatch,East,214
2025-11-27,Laptop,West,2408
2025-11-27,Headphones,West,305
2025-11-27,Phone,West,641
2025-11-28,Phone,West,1137
2025-11-28,Keyboard,North,137
2025-11-29,Laptop,East,1422
2025-11-29,Smartwatch,East,275
2025-11-30,Keyboard,North,192
2025-11-30,Tablet,East,515
2025-11-30,Tablet,East,806
2025-11-30,Tablet,East,799
2025-11-30,Monitor,South,576
2025-11-30,Laptop,East,2255
2025-12-01,Laptop,West,1992
2025-12-01,Monitor,South,211
2025-12-01,Keyboard,West,191
2025-12-01,Monitor,East,422
2025-12-02,Phone,North,673
2025-12-02,Headphones,North,318
2025-12-03,Phone,North,1463
2025-12-03,Phone,East,827
2025-12-03,Monitor,South,598
2025-12-04,Laptop,South,2006
2025-12-04,Laptop,West,2155
2025-12-04,Monitor,North,279
2025-12-04,Headphones,North,119
2025-12-04,Keyboard,East,170
2025-12-04,Keyboard,South,107
2025-12-05,Phone,West,1276
2025-12-05,Tablet,East,848
2025-12-05,Keyboard,South,143
2025-12-05,Laptop,North,1518
2025-12-06,Phone,North,1116
2025-12-06,Monitor,South,366
2025-12-06,Phone,West,652
2025-12-06,Keyboard,West,188
2025-12-07,Laptop,West,1308
2025-12-07,Headphones,North,154
2025-12-08,Smartwatch,South,481
2025-12-08,Tablet,West,813
2025-12-08,Monitor,East,449
2025-12-08,Monitor,North,524
2025-12-08,Headphones,West,339
2025-12-08,Smartwatch,North,316
2025-12-09,Phone,South,1252
2025-12-09,Laptop,East,2302
2025-12-09,Headphones,West,319
2025-12-10,Keyboard,South,169
2025-12-10,Monitor,North,595
2025-12-10,Monitor,South,271
2025-12-10,Phone,North,1185
2025-12-11,Laptop,North,2492
2025-12-11,Headphones,West,316
2025-12-11,Headphones,East,217
2025-12-11,Headphones,South,192
2025-12-11,Smartwatch,West,231
2025-12-11,Tablet,East,577
2025-12-12,Laptop,North,932
2025-12-12,Keyboard,North,72
2025-12-12,Laptop,South,1081
2025-12-13,Tablet,East,401
2025-12-13,Laptop,West,2281
2025-12-13,Laptop,South,1732
2025-12-14,Tablet,North,766
2025-12-14,Phone,South,761
2025-12-15,Monitor,West,289
2025-12-15,Laptop,West,1889
2025-12-16,Tablet,West,570
2025-12-16,Laptop,East,1593
2025-12-16,Laptop,North,2221
2025-12-16,Headphones,West,317
2025-12-16,Monitor,North,583
2025-12-16,Keyboard,North,84
2025-12-17,Headphones,North,194
2025-12-17,Headphones,North,294
2025-12-17,Headphones,West,150
2025-12-17,Laptop,South,1039
2025-12-17,Monitor,East,377
2025-12-18,Monitor,North,263
2025-12-18,Keyboard,East,139
2025-12-18,Smartwatch,East,202
2025-12-18,Keyboard,North,166
2025-12-19,Smartwatch,East,266
2025-12-19,Smartwatch,South,249
2025-12-19,Keyboard,North,109
2025-12-19,Headphones,North,199
2025-12-20,Headphones,West,276
2025-12-20,Keyboard,East,185
2025-12-20,Laptop,West,2109
2025-12-20,Phone,North,1089
2025-12-20,Smartwatch,South,298
2025-12-20,Phone,East,863
2025-12-21,Keyboard,North,50
2025-12-21,Phone,South,826
2025-12-21,Laptop,South,2128
2025-12-22,Smartwatch,East,353
2025-12-22,Keyboard,West,172
2025-12-22,Smartwatch,West,301
2025-12-23,Monitor,South,400
2025-12-23,Phone,South,637
2025-12-23,Headphones,East,273
2025-12-23,Laptop,West,1393
2025-12-23,Headphones,East,181
2025-12-24,Headphones,West,310
2025-12-24,Phone,West,1159
2025-12-24,Smartwatch,East,370
2025-12-25,Phone,East,1006
2025-12-25,Smartwatch,South,287
2025-12-25,Phone,North,793
2025-12-26,Smartwatch,East,235
2025-12-26,Smartwatch,West,328
2025-12-26,Keyboard,South,192
2025-12-26,Monitor,East,411
2025-12-26,Laptop,South,1872
2025-12-26,Laptop,East,1298
2025-12-27,Monitor,West,539
2025-12-27,Smartwatch,West,278
2025-12-28,Laptop,South,1094
2025-12-28,Headphones,North,173
2025-12-28,Keyboard,North,159
2025-12-29,Tablet,West,548
2025-12-29,Laptop,North,2034
2025-12-29,Laptop,West,1222
2025-12-29,Keyboard,South,159
2025-12-29,Laptop,East,1866
2025-12-29,Monitor,West,200
2025-12-30,Headphones,South,310
2025-12-30,Tablet,West,350
2025-12-31,Laptop,South,1072
2025-12-31,Keyboard,South,70
2025-12-31,Headphones,North,268
2025-12-31,Tablet,South,428
2025-12-31,Headphones,East,237
2026-01-01,Monitor,West,432
2026-01-01,Laptop,East,1996
2026-01-01,Monitor,West,420
2026-01-01,Laptop,East,1775
2026-01-01,Headphones,West,295
2026-01-01,Phone,South,613
2026-01-02,Monitor,East,597
2026-01-02,Monitor,East,365
2026-01-02,Smartwatch,West,340
2026-01-02,Headphones,South,320
2026-01-02,Smartwatch,South,224
2026-01-03,Laptop,East,1376
2026-01-03,Tablet,North,630
2026-01-03,Monitor,East,485
2026-01-04,Smartwatch,East,479
2026-01-04,Headphones,East,215
2026-01-04,Smartwatch,East,263
2026-01-05,Laptop,East,2032
2026-01-05,Headphones,South,226
2026-01-06,Tablet,South,692
2026-01-06,Tablet,West,648
2026-01-06,Laptop,North,2259
2026-01-06,Phone,South,675
2026-01-07,Laptop,North,2221
2026-01-07,Phone,South,651
2026-01-07,Monitor,West,451
2026-01-07,Headphones,South,224
2026-01-08,Phone,East,1369
2026-01-08,Keyboard,West,160
2026-01-09,Monitor,East,446
2026-01-09,Keyboard,East,180
2026-01-09,Laptop,North,812
2026-01-09,Headphones,East,256
2026-01-09,Monitor,East,241
2026-01-10,Headphones,North,182
2026-01-10,Phone,West,1369
2026-01-11,Laptop,South,1916
2026-01-11,Headphones,East,238
2026-01-11,Headphones,West,171
2026-01-11,Monitor,West,560
2026-01-11,Keyboard,West,166
2026-01-11,Keyboard,North,165
2026-01-12,Laptop,South,1771
2026-01-12,Headphones,West,143
2026-01-13,Headphones,West,307
2026-01-13,Headphones,West,257
2026-01-13,Headphones,West,171
2026-01-13,Laptop,South,1113
2026-01-13,Headphones,West,147
2026-01-13,Monitor,East,236
2026-01-14,Laptop,West,2120
2026-01-14,Tablet,East,523
2026-01-14,Monitor,North,166
2026-01-14,Smartwatch,West,405
2026-01-15,Laptop,North,1033
2026-01-15,Tablet,South,844
2026-01-15,Headphones,North,166
2026-01-16,Phone,North,1334
2026-01-16,Tablet,North,436
2026-01-16,Keyboard,South,87
2026-01-16,Laptop,South,870
2026-01-16,Phone,South,666
2026-01-16,Phone,North,1436
2026-01-17,Headphones,South,236
2026-01-17,Headphones,South,295
2026-01-17,Laptop,North,1670
2026-01-18,Monitor,East,477
2026-01-18,Monitor,West,371
2026-01-18,Monitor,West,482
2026-01-19,Smartwatch,North,277
2026-01-19,Tablet,West,359
2026-01-19,Monitor,North,505
2026-01-19,Monitor,South,334
2026-01-19,Tablet,South,802
2026-01-20,Headphones,South,262
2026-01-20,Laptop,West,2442
2026-01-21,Tablet,North,541
2026-01-21,Tablet,West,522
2026-01-21,Headphones,West,128
2026-01-21,Headphones,South,241
2026-01-21,Tablet,South,801
2026-01-22,Monitor,North,497
2026-01-22,Phone,East,810
2026-01-22,Monitor,West,436
2026-01-22,Keyboard,North,165
2026-01-22,Monitor,North,196
2026-01-23,Smartwatch,North,246
2026-01-23,Monitor,North,389
2026-01-23,Headphones,South,157
2026-01-23,Phone,South,634
2026-01-24,Smartwatch,South,451
2026-01-24,Smartwatch,South,441
2026-01-24,Laptop,North,1317
2026-01-25,Keyboard,East,87
2026-01-25,Headphones,North,241
2026-01-25,Laptop,North,1399
2026-01-25,Keyboard,North,72
2026-01-25,Smartwatch,North,412
2026-01-25,Smartwatch,West,375
2026-01-26,Smartwatch,North,497
2026-01-26,Smartwatch,South,426
2026-01-26,Smartwatch,East,488
2026-01-26,Keyboard,East,177
2026-01-27,Phone,North,1020
2026-01-27,Monitor,North,410
2026-01-28,Phone,South,719
2026-01-28,Keyboard,South,123
2026-01-28,Laptop,East,2271
2026-01-28,Keyboard,East,104
2026-01-29,Smartwatch,East,210
2026-01-29,Laptop,East,1437
2026-01-29,Monitor,West,249
2026-01-29,Phone,East,1124
2026-01-29,Smartwatch,South,356
2026-01-29,Tablet,North,677
2026-01-30,Tablet,North,716
2026-01-30,Monitor,West,211
2026-01-30,Laptop,North,801
2026-01-30,Phone,West,767
2026-01-30,Monitor,North,369
2026-01-31,Headphones,South,139
2026-01-31,Monitor,South,347
2026-02-01,Monitor,South,422
2026-02-01,Smartwatch,North,497
2026-02-02,Laptop,North,1497
2026-02-02,Laptop,North,1629
2026-02-02,Smartwatch,South,344
2026-02-02,Headphones,West,252
2026-02-02,Tablet,South,621
2026-02-03,Headphones,South,109
2026-02-03,Phone,East,1118
2026-02-03,Headphones,North,292
2026-02-03,Tablet,West,308
2026-02-04,Keyboard,North,73
2026-02-04,Keyboard,West,100
2026-02-04,Laptop,North,1611
2026-02-04,Laptop,South,1857
2026-02-05,Laptop,East,2029
2026-02-05,Phone,South,977
2026-02-05,Phone,West,1363
2026-02-06,Smartwatch,North,304
2026-02-06,Phone,South,1412
2026-02-07,Laptop,South,1737
2026-02-07,Monitor,South,465
2026-02-07,Monitor,North,255
2026-02-07,Monitor,North,263
2026-02-07,Smartwatch,North,337
2026-02-08,Phone,North,1175
2026-02-08,Tablet,North,611
2026-02-08,Phone,South,1345
2026-02-08,Smartwatch,East,478
2026-02-08,Phone,North,730
2026-02-09,Keyboard,South,189
2026-02-09,Smartwatch,East,382
2026-02-09,Tablet,West,569
2026-02-09,Phone,South,811
2026-02-09,Laptop,West,1432
2026-02-10,Phone,West,1303
2026-02-10,Tablet,East,465
2026-02-11,Smartwatch,South,214
2026-02-11,Keyboard,North,184
2026-02-11,Monitor,East,514
2026-02-11,Laptop,East,1462
2026-02-11,Phone,South,1063
2026-02-11,Laptop,North,2357
2026-02-12,Laptop,South,824
2026-02-12,Tablet,North,322
2026-02-12,Keyboard,East,58
2026-02-12,Monitor,South,270
2026-02-12,Tablet,West,689
2026-02-13,Smartwatch,North,334
2026-02-13,Keyboard,East,90
2026-02-14,Tablet,South,579
2026-02-14,Tablet,West,671
2026-02-14,Keyboard,East,76
2026-02-14,Headphones,North,306
2026-02-14,Smartwatch,North,455
2026-02-14,Laptop,East,1664
2026-02-15,Smartwatch,East,272
2026-02-15,Laptop,West,2389
2026-02-15,Smartwatch,South,383
2026-02-15,Monitor,North,403
2026-02-15,Keyboard,West,149
2026-02-15,Headphones,East,258
2026-02-16,Tablet,North,649
2026-02-16,Keyboard,East,82
2026-02-16,Monitor,West,317
2026-02-16,Headphones,West,121
2026-02-16,Headphones,North,143
2026-02-16,Smartwatch,South,355
2026-02-17,Headphones,South,320
2026-02-17,Laptop,North,2039
2026-02-17,Tablet,North,794
2026-02-17,Headphones,West,167
2026-02-18,Phone,South,1022
2026-02-18,Monitor,South,492
2026-02-18,Laptop,North,1254
2026-02-19,Keyboard,South,59
2026-02-19,Tablet,North,680
2026-02-20,Tablet,West,431
2026-02-20,Keyboard,North,72
2026-02-20,Smartwatch,South,247
2026-02-20,Monitor,South,184
2026-02-21,Smartwatch,East,305
2026-02-21,Phone,South,1166
2026-02-21,Monitor,South,311
2026-02-21,Tablet,East,561
2026-02-21,Smartwatch,North,228
2026-02-21,Tablet,West,773
2026-02-22,Keyboard,South,97
2026-02-22,Headphones,North,227
2026-02-22,Tablet,North,738
2026-02-22,Smartwatch,South,499
2026-02-23,Laptop,South,2223
2026-02-23,Keyboard,North,180
2026-02-23,Monitor,West,388
2026-02-23,Tablet,West,383
2026-02-23,Monitor,South,474
2026-02-23,Phone,North,1328
2026-02-24,Laptop,West,1434
2026-02-24,Tablet,East,806
2026-02-24,Monitor,East,222
2026-02-24,Headphones,East,142
2026-02-24,Monitor,East,379
2026-02-25,Keyboard,South,88
2026-02-25,Headphones,West,280
2026-02-25,Phone,East,1187
2026-02-25,Laptop,South,1089
2026-02-25,Phone,East,1173
2026-02-26,Smartwatch,South,484
2026-02-26,Keyboard,South,54
2026-02-26,Monitor,West,444
2026-02-27,Keyboard,East,135
2026-02-27,Headphones,East,251
2026-02-27,Tablet,East,770
2026-02-27,Phone,East,834
2026-02-27,Tablet,North,347
2026-02-28,Keyboard,West,106
2026-02-28,Keyboard,East,76
2026-03-01,Keyboard,West,81
2026-03-01,Headphones,West,345
2026-03-02,Phone,South,875
2026-03-02,Tablet,East,420
2026-03-02,Headphones,West,102
2026-03-03,Laptop,South,1833
2026-03-03,Monitor,South,581
2026-03-03,Laptop,West,1948
2026-03-04,Headphones,South,170
2026-03-04,Headphones,East,242
2026-03-04,Monitor,North,588
2026-03-04,Phone,North,1298
2026-03-04,Headphones,North,326
2026-03-04,Tablet,East,643
2026-03-05,Phone,West,1370
2026-03-05,Keyboard,North,189
2026-03-05,Phone,West,1369
2026-03-05,Phone,North,1098
2026-03-05,Tablet,South,722
2026-03-06,Phone,North,1120
2026-03-06,Laptop,South,1774
2026-03-06,Laptop,North,1462
2026-03-06,Phone,South,1500
2026-03-06,Laptop,East,2032
2026-03-06,Keyboard,West,126
2026-03-07,Monitor,North,312
2026-03-07,Phone,East,1229
2026-03-07,Headphones,East,251
2026-03-07,Headphones,West,248
2026-03-08,Smartwatch,West,324
2026-03-08,Smartwatch,South,470
2026-03-09,Phone,South,1270
2026-03-09,Tablet,West,361
2026-03-10,Keyboard,East,73
2026-03-10,Headphones,South,281
2026-03-11,Keyboard,North,115
2026-03-11,Smartwatch,North,499
2026-03-11,Headphones,South,318
2026-03-11,Smartwatch,North,498
2026-03-11,Phone,East,1082
2026-03-11,Tablet,East,679
2026-03-12,Smartwatch,South,339
2026-03-12,Keyboard,West,108
2026-03-12,Monitor,North,328
2026-03-12,Phone,North,915
